timestamp	commit	val_bpb	memory_gb	status	description
2026-10-07T20:16:11-07:00	313f435	1.385879	3.5	keep	baseline (depth 6, MQA kv=1, Muon+AdamW, SSSL windows)
2026-10-07T21:58:44-07:00	02555f3	1.368450	3.5	keep	matrix_lr 0.05 -> 0.07 (run 1)
2026-10-07T21:58:44-07:00	02555f3	1.365741	3.5	keep	matrix_lr 0.05 -> 0.07 (confirm run 2)
2026-10-07T22:15:39-07:00	147fff9	1.361867	3.5	discard	matrix_lr sweep: 0.09 (marginal over 0.07)
2026-10-07T22:24:10-07:00	01b73b2	1.296240	3.5	discard	matrix_lr sweep: 0.12 (superseded by 0.20)
2026-10-07T22:32:18-07:00	5d80fab	1.294065	3.5	discard	matrix_lr sweep: 0.16 (superseded by 0.20)
2026-10-07T22:40:24-07:00	f9352a8	1.263666	3.5	keep	matrix_lr 0.16 -> 0.20 (sweep optimum, run 1)
2026-10-07T22:40:24-07:00	f9352a8	1.265423	3.5	keep	matrix_lr 0.20 (confirm run 2)
2026-10-07T22:48:29-07:00	d51eddf	1.270926	3.5	discard	matrix_lr sweep: 0.26 (worse than 0.20)
2026-10-07T22:56:36-07:00	950c742	1.271753	3.5	discard	matrix_lr sweep: 0.22 (worse than 0.20)
2026-10-07T23:14:02-07:00	4153934	1.278295	3.5	discard	embedding_lr 1.0 -> 1.5 (worse)
2026-10-07T23:22:14-07:00	47e6edc	1.285589	3.5	discard	embedding_lr 1.0 -> 0.7 (worse; 1.0 is optimal)
